REGION,TECHNOLOGY,FUEL,YEAR,VALUE
Globe,ALUPLANT,ALU,2010,85.3
Globe,ALUPLANT,ALU,2011,88.68529999999998
Globe,ALUPLANT,ALU,2012,92.07049999999998
Globe,ALUPLANT,ALU,2013,95.45579999999998
Globe,ALUPLANT,ALU,2014,98.84099999999998
Globe,ALUPLANT,ALU,2015,102.22619999999999
Globe,ALUPLANT,ALU,2016,105.6115
Globe,ALUPLANT,ALU,2017,108.99680000000001
Globe,ALUPLANT,ALU,2018,112.38199999999999
Globe,ALUPLANT,ALU,2019,115.7673
Globe,ALUPLANT,ALU,2020,119.15250000000002
Globe,ALUPLANT,ALU,2021,122.5378
Globe,ALUPLANT,ALU,2022,125.92299999999997
Globe,ALUPLANT,ALU,2023,129.3082
Globe,ALUPLANT,ALU,2024,132.6935
Globe,ALUPLANT,ALU,2025,136.0788
Globe,ALUPLANT,ALU,2026,139.464
Globe,ALUPLANT,ALU,2027,142.8493
Globe,ALUPLANT,ALU,2028,146.2345
Globe,ALUPLANT,ALU,2029,149.6198
Globe,ALUPLANT,ALU,2030,153.00499999999997
Globe,ALUPLANT,ALU,2031,156.39029999999997
Globe,ALUPLANT,ALU,2032,159.7755
Globe,ALUPLANT,ALU,2033,163.1608
Globe,ALUPLANT,ALU,2034,166.54600000000002
Globe,ALUPLANT,ALU,2035,169.9313
Globe,ALUPLANT,ALU,2036,173.3165
Globe,ALUPLANT,ALU,2037,176.70179999999996
Globe,ALUPLANT,ALU,2038,180.087
Globe,ALUPLANT,ALU,2039,183.47229999999996
Globe,ALUPLANT,ALU,2040,186.85749999999996
Globe,ALUPLANT,ALU,2041,190.2428
Globe,ALUPLANT,ALU,2042,193.628
Globe,ALUPLANT,ALU,2043,197.01330000000002
Globe,ALUPLANT,ALU,2044,200.39849999999998
Globe,ALUPLANT,ALU,2045,203.7838
Globe,ALUPLANT,ALU,2046,207.16899999999998
Globe,ALUPLANT,ALU,2047,210.5543
Globe,ALUPLANT,ALU,2048,213.93949999999992
Globe,ALUPLANT,ALU,2049,217.3248
Globe,ALUPLANT,ALU,2050,220.71
Globe,ALUPLANT,ALU,2051,220.71
Globe,ALUPLANT,ALU,2052,220.71
Globe,ALUPLANT,ALU,2053,220.71
Globe,ALUPLANT,ALU,2054,220.71
Globe,ALUPLANT,ALU,2055,220.71
Globe,ALUPLANT,ALU,2056,220.71
Globe,ALUPLANT,ALU,2057,220.71
Globe,ALUPLANT,ALU,2058,220.71
Globe,ALUPLANT,ALU,2059,220.71
Globe,ALUPLANT,ALU,2060,220.71
Globe,C1BFRDF00,C1_F_RD,2010,0.5606
Globe,C1BFRDF00,C1_F_RD,2011,0.5836000000000001
Globe,C1BFRDF00,C1_F_RD,2012,0.6066999999999999
Globe,C1BFRDF00,C1_F_RD,2013,0.5668
Globe,C1BFRDF00,C1_F_RD,2014,0.5288
Globe,C1BFRDF00,C1_F_RD,2015,0.4927
Globe,C1BFRDF00,C1_F_RD,2016,0.4549
Globe,C1BFRDF00,C1_F_RD,2017,0.5504963881254286
Globe,C1BFRDF00,C1_F_RD,2018,0.556133357251075
Globe,C1BFRDF00,C1_F_RD,2019,0.5015920240011953
Globe,C1BFRDF00,C1_F_RD,2020,0.3287
Globe,C1BFRDF00,C1_F_RD,2021,0.13686376989155075
Globe,C1BMBRFH1,C1_F_HEA_R,2010,13.28798760241451
Globe,C1BMBRFH1,C1_F_HEA_R,2011,13.566565831303347
Globe,C1BMBRFH1,C1_F_HEA_R,2012,13.85248142202156
Globe,C1BMBRFH1,C1_F_HEA_R,2013,14.575604012198552
Globe,C1BMBRFH1,C1_F_HEA_R,2014,15.16927815987844
Globe,C1BMBRFH1,C1_F_HEA_R,2015,15.528848888364431
Globe,C1BMBRFH1,C1_F_HEA_R,2016,14.812459200000001
Globe,C1BMBRFH1,C1_F_HEA_R,2017,13.166279999999999
Globe,C1BMBRFH1,C1_F_HEA_R,2018,11.520100799999998
Globe,C1BMBRFH1,C1_F_HEA_R,2019,9.8739216
Globe,C1BMBRFH1,C1_F_HEA_R,2020,8.2277424
Globe,C1BMBRFH1,C1_F_HEA_R,2021,6.584716799999999
Globe,C1BMBRFH1,C1_F_HEA_R,2022,4.9385376
Globe,C1BMBRFH1,C1_F_HEA_R,2023,3.2923584000000004
Globe,C1BMBRFH1,C1_F_HEA_R,2024,3.1535999999999995
Globe,C1BMBRFH1,C1_F_HEA_R,2025,3.153599999999992
Globe,C1BMBRFH1,C1_F_HEA_R,2026,3.1536
Globe,C1BMBRFH1,C1_F_HEA_R,2027,3.1536
Globe,C1BMBRFH1,C1_F_HEA_R,2028,3.076307230872884
Globe,C1BMBRFH1,C1_F_HEA_R,2029,2.9959133415186456
Globe,C1BMBRFH1,C1_F_HEA_R,2030,2.89058976
Globe,C1BMBRFH1,C1_F_HEA_R,2031,2.872941272644061
Globe,C1BMBRFH1,C1_F_HEA_R,2032,2.6694635356158996
Globe,C1BMBRFH1,C1_F_HEA_R,2033,0.5149568901367302
Globe,C1BMBRFH1,C1_F_HEA_R,2036,0.26301024000000006
Globe,C1BMBRFH1,C1_F_HEA_R,2037,0.26301024000000006
Globe,C1BMBRFH1,C1_F_HEA_R,2038,0.26301024000000006
Globe,C1BMBRFH1,C1_F_HEA_R,2039,0.26301024000000006
Globe,C1BMBRFH1,C1_F_HEA_R,2040,0.26301024000000006
Globe,C1BMBRFH1,C1_F_HEA_R,2041,0.26301024000000006
Globe,C1BMBRFH1,C1_F_HEA_R,2042,0.26301024000000006
Globe,C1BMBRFH1,C1_F_HEA_R,2043,0.26301024000000006
Globe,C1BMBRFH1,C1_F_HEA_R,2044,0.26301024000000006
Globe,C1BMBRFH1,C1_F_HEA_R,2045,0.049661196300649024
Globe,C1BMBRFH1,C1_F_HEA_R,2046,0.26301024000000006
Globe,C1BMBRFH1,C1_F_HEA_R,2047,0.26301024000000006
Globe,C1BMBRFH1,C1_F_HEA_R,2048,0.26301024000000006
Globe,C1BMBRFH1,C1_F_HEA_R,2049,0.26301024000000006
Globe,C1BMBRFH1,C1_F_HEA_R,2050,0.10598318645597342
Globe,C1BMBRFH1,C1_F_HEA_R,2051,0.26301024000000006
Globe,C1BMBRFH1,C1_F_HEA_R,2052,0.26301024000000006
Globe,C1BMBRFH1,C1_F_HEA_R,2053,0.26301024000000006
Globe,C1BMBRFH1,C1_F_HEA_R,2054,0.26301024000000006
Globe,C1BMBRFH1,C1_F_HEA_R,2055,0.26301024000000006
Globe,C1BMBRFH1,C1_F_HEA_R,2056,0.26301024000000006
Globe,C1BMBRFH1,C1_F_HEA_R,2057,0.26301024000000006
Globe,C1BMBRFH1,C1_F_HEA_R,2058,0.26301024000000006
Globe,C1BMBRFH1,C1_F_HEA_R,2059,0.26301024000000006
Globe,C1BMBRFH1,C1_F_HEA_R,2060,0.26301024000000006
Globe,C1BMCHP00,C1_S_ELC,2010,0.8138180159999999
Globe,C1BMCHP00,C1_S_ELC,2011,0.7916229792
Globe,C1BMCHP00,C1_S_ELC,2012,0.7669618272
Globe,C1BMCHP00,C1_S_ELC,2013,0.7423006752
Globe,C1BMCHP00,C1_S_ELC,2014,0.7176395232
Globe,C1BMCHP00,C1_S_ELC,2015,0.6954444864
Globe,C1BMCHP00,C1_S_ELC,2016,0.6707833344
Globe,C1BMCHP00,C1_S_ELC,2017,0.6461221824000001
Globe,C1BMCHP00,C1_S_ELC,2018,1.369764715190761
Globe,C1BMCHP00,C1_S_ELC,2019,2.2978541739167078
Globe,C1BMCHP00,C1_S_ELC,2020,3.685594307397741
Globe,C1BMCHP00,C1_S_ELC,2021,5.140602275397722
Globe,C1BMCHP00,C1_S_ELC,2022,6.598076358597736
Globe,C1BMCHP00,C1_S_ELC,2023,7.55340727745987
Globe,C1BMCHP00,C1_S_ELC,2024,7.528746125459869
Globe,C1BMCHP00,C1_S_ELC,2025,7.5065510886598705
Globe,C1BMCHP00,C1_S_ELC,2026,7.966917599722026
Globe,C1BMCHP00,C1_S_ELC,2027,7.942256447722026
Globe,C1BMCHP00,C1_S_ELC,2028,7.917595295722027
Globe,C1BMCHP00,C1_S_ELC,2029,7.895400258922028
Globe,C1BMCHP00,C1_S_ELC,2030,7.870739106922028
Globe,C1BMCHP00,C1_S_ELC,2031,7.846077954922025
Globe,C1BMCHP00,C1_S_ELC,2032,7.8238829181220275
Globe,C1BMCHP00,C1_S_ELC,2033,8.749104715924306
Globe,C1BMCHP00,C1_S_ELC,2034,9.011886656518376
Globe,C1BMCHP00,C1_S_ELC,2035,8.987225504518367
Globe,C1BMCHP00,C1_S_ELC,2036,8.965030467718353
Globe,C1BMCHP00,C1_S_ELC,2037,8.940369315718376
Globe,C1BMCHP00,C1_S_ELC,2038,8.915708163718378
Globe,C1BMCHP00,C1_S_ELC,2039,8.893513126918378
Globe,C1BMCHP00,C1_S_ELC,2040,8.868851974918375
Globe,C1BMCHP00,C1_S_ELC,2041,8.844190822918373
Globe,C1BMCHP00,C1_S_ELC,2042,8.81952967091838
Globe,C1BMCHP00,C1_S_ELC,2043,8.797334634118373
Globe,C1BMCHP00,C1_S_ELC,2044,8.772673482118375
Globe,C1BMCHP00,C1_S_ELC,2045,8.772673482118375
Globe,C1BMCHP00,C1_S_ELC,2046,8.772673482118345
Globe,C1BMCHP00,C1_S_ELC,2047,8.772673482118355
Globe,C1BMCHP00,C1_S_ELC,2048,8.772673482118375
Globe,C1BMCHP00,C1_S_ELC,2049,8.827144484346883
Globe,C1BMCHP00,C1_S_ELC,2050,8.827144484346881
Globe,C1BMCHP00,C1_S_ELC,2051,8.84223750284035
Globe,C1BMCHP00,C1_S_ELC,2052,8.93341300641068
Globe,C1BMCHP00,C1_S_ELC,2053,9.029147285924296
Globe,C1BMCHP00,C1_S_ELC,2054,9.203183476268142
Globe,C1BMCHP00,C1_S_ELC,2055,9.27045131078711
Globe,C1BMCHP00,C1_S_ELC,2056,9.270451310787108
Globe,C1BMCHP00,C1_S_ELC,2057,9.270451310787115
Globe,C1BMCHP00,C1_S_ELC,2058,9.270451310787132
Globe,C1BMCHP00,C1_S_ELC,2059,9.270451310787132
Globe,C1BMCHP00,C1_S_ELC,2060,9.270451310787111
Globe,C1BMCHP00,C1_S_HEAT,2010,1.4919725687328
Globe,C1BMCHP00,C1_S_HEAT,2011,1.4516782192569602
Globe,C1BMCHP00,C1_S_HEAT,2012,1.40691477581568
Globe,C1BMCHP00,C1_S_HEAT,2013,1.36204750892448
Globe,C1BMCHP00,C1_S_HEAT,2014,1.3171555808812798
Globe,C1BMCHP00,C1_S_HEAT,2015,1.27676653258176
Globe,C1BMCHP00,C1_S_HEAT,2016,1.2318935936256001
Globe,C1BMCHP00,C1_S_HEAT,2017,1.1869264490688
Globe,C1BMCHP00,C1_S_HEAT,2018,2.5169426641630235
Globe,C1BMCHP00,C1_S_HEAT,2019,4.223455971658909
Globe,C1BMCHP00,C1_S_HEAT,2020,6.776333693581487
Globe,C1BMCHP00,C1_S_HEAT,2021,9.454081644683951
Globe,C1BMCHP00,C1_S_HEAT,2022,12.137821269276397
Globe,C1BMCHP00,C1_S_HEAT,2023,13.899024731253906
Globe,C1BMCHP00,C1_S_HEAT,2024,13.85816299313398
Globe,C1BMCHP00,C1_S_HEAT,2025,13.821061864440555
Globe,C1BMCHP00,C1_S_HEAT,2026,14.672672143408054
Globe,C1BMCHP00,C1_S_HEAT,2027,14.631224827993517
Globe,C1BMCHP00,C1_S_HEAT,2028,14.59054461095655
Globe,C1BMCHP00,C1_S_HEAT,2029,14.553591297270973
Globe,C1BMCHP00,C1_S_HEAT,2030,14.512068765342836
Globe,C1BMCHP00,C1_S_HEAT,2031,14.466598533285232
Globe,C1BMCHP00,C1_S_HEAT,2032,14.425675324433396
Globe,C1BMCHP00,C1_S_HEAT,2033,16.131599275221237
Globe,C1BMCHP00,C1_S_HEAT,2034,16.61611661728858
Globe,C1BMCHP00,C1_S_HEAT,2035,16.57064638523097
Globe,C1BMCHP00,C1_S_HEAT,2036,16.5297231763791
Globe,C1BMCHP00,C1_S_HEAT,2037,16.484252944321543
Globe,C1BMCHP00,C1_S_HEAT,2038,16.438782712263947
Globe,C1BMCHP00,C1_S_HEAT,2039,16.397859503412104
Globe,C1BMCHP00,C1_S_HEAT,2040,16.3523892713545
Globe,C1BMCHP00,C1_S_HEAT,2041,16.306919039296897
Globe,C1BMCHP00,C1_S_HEAT,2042,16.26144880723931
Globe,C1BMCHP00,C1_S_HEAT,2043,16.220525598387457
Globe,C1BMCHP00,C1_S_HEAT,2044,16.17505536632986
Globe,C1BMCHP00,C1_S_HEAT,2045,16.175055366329858
Globe,C1BMCHP00,C1_S_HEAT,2046,16.175055366329804
Globe,C1BMCHP00,C1_S_HEAT,2047,16.175055366329826
Globe,C1BMCHP00,C1_S_HEAT,2048,16.175055366329858
Globe,C1BMCHP00,C1_S_HEAT,2049,16.275489000238785
Globe,C1BMCHP00,C1_S_HEAT,2050,16.27548900023878
Globe,C1BMCHP00,C1_S_HEAT,2051,16.303317507737038
Globe,C1BMCHP00,C1_S_HEAT,2052,16.471426901220013
Globe,C1BMCHP00,C1_S_HEAT,2053,16.64794176578722
Globe,C1BMCHP00,C1_S_HEAT,2054,16.968829693543203
Globe,C1BMCHP00,C1_S_HEAT,2055,17.09285812682927
Globe,C1BMCHP00,C1_S_HEAT,2056,17.09285812682927
Globe,C1BMCHP00,C1_S_HEAT,2057,17.09285812682928
Globe,C1BMCHP00,C1_S_HEAT,2058,17.09285812682932
Globe,C1BMCHP00,C1_S_HEAT,2059,17.09285812682932
Globe,C1BMCHP00,C1_S_HEAT,2060,17.09285812682928
Globe,C1BMHTF03,C1_S_HEAT,2010,7.638303024000001
Globe,C1BMHTF03,C1_S_HEAT,2011,7.255929024
Globe,C1BMHTF03,C1_S_HEAT,2012,6.873555024000001
Globe,C1BMHTF03,C1_S_HEAT,2013,6.494240016
Globe,C1BMHTF03,C1_S_HEAT,2014,6.111866016
Globe,C1BMHTF03,C1_S_HEAT,2015,5.729492016
Globe,C1BMHTF03,C1_S_HEAT,2016,5.347118016
Globe,C1BMHTF03,C1_S_HEAT,2017,4.964744016
Globe,C1BMHTF03,C1_S_HEAT,2018,4.582370016
Globe,C1BMHTF03,C1_S_HEAT,2019,4.199996016000001
Globe,C1BMHTF03,C1_S_HEAT,2020,3.820681007999998
Globe,C1BMHTF03,C1_S_HEAT,2021,3.438307008
Globe,C1BMHTF03,C1_S_HEAT,2022,3.055933008
Globe,C1BMHTF03,C1_S_HEAT,2023,2.673559008
Globe,C1BMHTF03,C1_S_HEAT,2024,2.291185008
Globe,C1BMHTF03,C1_S_HEAT,2025,1.908811008
Globe,C1BMHTF03,C1_S_HEAT,2026,1.6397967026692504
Globe,C1BMHTF03,C1_S_HEAT,2027,1.529496
Globe,C1BMHTF03,C1_S_HEAT,2028,1.5294959999999995
Globe,C1BMHTF03,C1_S_HEAT,2029,1.5294959999999997
Globe,C1BMHTF03,C1_S_HEAT,2030,1.5294959999999993
Globe,C1BMHTF03,C1_S_HEAT,2031,1.529495999999994
Globe,C1BMHTF03,C1_S_HEAT,2032,1.5294959999999944
Globe,C1BMHTF03,C1_S_HEAT,2033,1.529495999999994
Globe,C1BMHTF03,C1_S_HEAT,2034,1.4452948799999992
Globe,C1BMHTF03,C1_S_HEAT,2035,1.5190366679323248
Globe,C1BMHTF03,C1_S_HEAT,2036,1.092504575455552
Globe,C1BMHTF03,C1_S_HEAT,2037,1.0449631255081004
Globe,C1BMHTF03,C1_S_HEAT,2038,1.011609704691206
Globe,C1BMHTF03,C1_S_HEAT,2039,0.9699327312274384
Globe,C1BMHTF03,C1_S_HEAT,2040,0.9506209337800035
Globe,C1BMHTF03,C1_S_HEAT,2041,1.006793617744321
Globe,C1BMHTF03,C1_S_HEAT,2042,1.0710660767439877
Globe,C1BMHTF03,C1_S_HEAT,2043,1.1360471784175896
Globe,C1BMHTF03,C1_S_HEAT,2044,1.2174524025596707
Globe,C1BMHTF03,C1_S_HEAT,2045,1.529495999999998
Globe,C1BMHTF03,C1_S_HEAT,2046,1.2589788450802932
Globe,C1BMHTF03,C1_S_HEAT,2047,1.2947003185380606
Globe,C1BMHTF03,C1_S_HEAT,2048,1.3491025958190976
Globe,C1BMHTF03,C1_S_HEAT,2049,1.2415473590475856
Globe,C1BMHTF03,C1_S_HEAT,2050,1.5294959999999982
Globe,C1BMHTF03,C1_S_HEAT,2051,1.5294960000000177
Globe,C1BMHTF03,C1_S_HEAT,2052,1.5294959999999937
Globe,C1BMHTF03,C1_S_HEAT,2053,1.529496
Globe,C1BMHTF03,C1_S_HEAT,2054,1.3060954480112033
Globe,C1BMHTF03,C1_S_HEAT,2055,1.422419643212907
Globe,C1BMHTF03,C1_S_HEAT,2056,1.529495999999991
Globe,C1BMHTF03,C1_S_HEAT,2057,1.529495999999991
Globe,C1BMHTF03,C1_S_HEAT,2058,1.529496
Globe,C1BMHTF03,C1_S_HEAT,2059,1.5294959999999374
Globe,C1BMHTF03,C1_S_HEAT,2060,1.529496
Globe,C1BMLP000,C1_S_BIOL,2010,1.5210199199999994
Globe,C1BMLP000,C1_S_BIOL,2011,1.5715478435999999
Globe,C1BMLP000,C1_S_BIOL,2012,1.6214069633999997
Globe,C1BMLP000,C1_S_BIOL,2013,1.5032403203999998
Globe,C1BMLP000,C1_S_BIOL,2014,1.3916979551999997
Globe,C1BMLP000,C1_S_BIOL,2015,1.2866638784999997
Globe,C1BMLP000,C1_S_BIOL,2016,1.1786941193999998
Globe,C1BMLP000,C1_S_BIOL,2017,1.415192443248162
Globe,C1BMLP000,C1_S_BIOL,2018,1.4183669634000002
Globe,C1BMLP000,C1_S_BIOL,2019,1.26905741465244
Globe,C1BMLP000,C1_S_BIOL,2020,0.8249416769999991
Globe,C1BMLP000,C1_S_BIOL,2021,0.3407033310810007
Globe,C1BMSCP00,C1_S_ELC,2010,0.119156789232
Globe,C1BMSCP00,C1_S_ELC,2011,0.114238497744
Globe,C1BMSCP00,C1_S_ELC,2012,0.10954376495999998
Globe,C1BMSCP00,C1_S_ELC,2013,0.104849032176
Globe,C1BMSCP00,C1_S_ELC,2014,0.09993074068800001
Globe,C1BMSCP00,C1_S_ELC,2015,0.095236007904
Globe,C1BMSCP00,C1_S_ELC,2016,0.5470010016710009
Globe,C1BMSCP00,C1_S_ELC,2017,0.9547886664
Globe,C1BMSCP00,C1_S_ELC,2018,0.9024373296000001
Globe,C1BMSCP00,C1_S_ELC,2019,0.8500859927999999
Globe,C1BMSCP00,C1_S_ELC,2020,0.797734656
Globe,C1BMSCP00,C1_S_ELC,2021,0.7428903984
Globe,C1BMSCP00,C1_S_ELC,2022,0.4845673234291192
Globe,C1BMSCP00,C1_S_ELC,2023,0.2922881609664775
Globe,C1BMSCP00,C1_S_ELC,2024,0.44725940881187937
Globe,C1BMSCP00,C1_S_ELC,2025,0.5309921304
Globe,C1BMSCP00,C1_S_ELC,2026,0.042923271168
Globe,C1BMSCP00,C1_S_ELC,2027,0.03800497968
Globe,C1BMSCP00,C1_S_ELC,2028,0.033310246896
Globe,C1BMSCP00,C1_S_ELC,2029,0.028615514111999998
Globe,C1BMSCP00,C1_S_ELC,2030,0.04410019023172648
Globe,C1BMSCP00,C1_S_ELC,2031,0.01900248984
Globe,C1BMSCP00,C1_S_ELC,2032,0.09690428606737692
Globe,C1BMSCP00,C1_S_ELC,2033,0.10719559440000001
Globe,C1BMSCP00,C1_S_ELC,2034,0.052351336799999995
Globe,C1CO00I00,C1_P_HCO,2010,139.2476
Globe,C1CO00I00,C1_P_HCO,2011,140.3512
Globe,C1CO00I00,C1_P_HCO,2012,141.4548
Globe,C1CO00I00,C1_P_HCO,2013,142.55829999999997
Globe,C1CO00I00,C1_P_HCO,2014,142.5583
Globe,C1CO00I00,C1_P_HCO,2015,142.55830000000003
Globe,C1CO00I00,C1_P_HCO,2016,142.55829999999997
Globe,C1CO00I00,C1_P_HCO,2017,141.5583
Globe,C1CO00I00,C1_P_HCO,2018,140.5583
Globe,C1CO00I00,C1_P_HCO,2019,139.5583
Globe,C1CO00I00,C1_P_HCO,2020,140.49771423509537
Globe,C1CO00I00,C1_P_HCO,2021,145.92630517592977
Globe,C1CO00I00,C1_P_HCO,2022,148.33951269401888
Globe,C1CO00I00,C1_P_HCO,2023,155.44686098614318
Globe,C1CO00I00,C1_P_HCO,2024,163.56643672874495
Globe,C1CO00I00,C1_P_HCO,2025,175.0888122252908
Globe,C1CO00I00,C1_P_HCO,2026,184.90364830125566
Globe,C1CO00I00,C1_P_HCO,2027,192.60207094551004
Globe,C1CO00I00,C1_P_HCO,2028,200.42858787261468
Globe,C1CO00I00,C1_P_HCO,2029,215.27929201965566
Globe,C1CO00I00,C1_P_HCO,2030,227.10628384422955
Globe,C1CO00I00,C1_P_HCO,2031,236.53982158741633
Globe,C1CO00I00,C1_P_HCO,2032,243.33383460142213
Globe,C1CO00I00,C1_P_HCO,2033,250.71152010731504
Globe,C1CO00I00,C1_P_HCO,2034,258.03632715676105
Globe,C1CO00I00,C1_P_HCO,2035,263.6982396476464
Globe,C1CO00I00,C1_P_HCO,2036,269.04753145688505
Globe,C1CO00I00,C1_P_HCO,2037,274.9994382312472
Globe,C1CO00I00,C1_P_HCO,2038,280.8606274804899
Globe,C1CO00I00,C1_P_HCO,2039,285.705598014772
Globe,C1CO00I00,C1_P_HCO,2040,290.3013236171475
Globe,C1CO00I00,C1_P_HCO,2041,294.1827330570752
Globe,C1CO00I00,C1_P_HCO,2042,297.9718961334998
Globe,C1CO00I00,C1_P_HCO,2043,301.65432301293276
Globe,C1CO00I00,C1_P_HCO,2044,304.15463701576635
Globe,C1CO00I00,C1_P_HCO,2045,305.36751063888784
Globe,C1CO00I00,C1_P_HCO,2046,306.3761218010498
Globe,C1CO00I00,C1_P_HCO,2047,306.92085029016073
Globe,C1CO00I00,C1_P_HCO,2048,307.27179565949183
Globe,C1CO00I00,C1_P_HCO,2049,307.1056263663455
Globe,C1CO00I00,C1_P_HCO,2050,306.9440038419238
Globe,C1CO00I00,C1_P_HCO,2051,309.62676942563337
Globe,C1CO00I00,C1_P_HCO,2052,311.4472202236004
Globe,C1CO00I00,C1_P_HCO,2053,311.6313009740429
Globe,C1CO00I00,C1_P_HCO,2054,311.4656352007803
Globe,C1CO00I00,C1_P_HCO,2055,311.2203862866864
Globe,C1CO00I00,C1_P_HCO,2056,311.1535949242292
Globe,C1CO00I00,C1_P_HCO,2057,311.1535949242292
Globe,C1CO00I00,C1_P_HCO,2058,311.15384037298145
Globe,C1CO00I00,C1_P_HCO,2059,311.15384037298134
Globe,C1CO00I00,C1_P_HCO,2060,259.9999999999997
Globe,C1COBRFH1,C1_F_HEA_R,2010,7.149211200000001
Globe,C1COBRFH1,C1_F_HEA_R,2011,9.3630384
Globe,C1COBRFH1,C1_F_HEA_R,2012,11.580019200000002
Globe,C1COBRFH1,C1_F_HEA_R,2013,13.7938464
Globe,C1COBRFH1,C1_F_HEA_R,2014,16.0076736
Globe,C1COBRFH1,C1_F_HEA_R,2015,18.2215008
Globe,C1COBRFH1,C1_F_HEA_R,2016,13.975924647258738
Globe,C1COBRFH1,C1_F_HEA_R,2017,14.856341040506802
Globe,C1COBRFH1,C1_F_HEA_R,2018,18.05302284330552
Globe,C1COBRFH1,C1_F_HEA_R,2019,20.996492921798406
Globe,C1COBRFH1,C1_F_HEA_R,2020,23.824152513822032
Globe,C1COBRFH1,C1_F_HEA_R,2021,23.27310414563265
Globe,C1COBRFH1,C1_F_HEA_R,2022,22.529280880279842
Globe,C1COBRFH1,C1_F_HEA_R,2023,27.125429664907827
Globe,C1COBRFH1,C1_F_HEA_R,2024,31.263956057262707
Globe,C1COBRFH1,C1_F_HEA_R,2025,35.32032
Globe,C1COBRFH1,C1_F_HEA_R,2026,35.32032
Globe,C1COBRFH1,C1_F_HEA_R,2027,35.32032
Globe,C1COBRFH1,C1_F_HEA_R,2028,35.32032
Globe,C1COBRFH1,C1_F_HEA_R,2029,32.79744
Globe,C1COBRFH1,C1_F_HEA_R,2030,32.218078328115155
Globe,C1COBRFH1,C1_F_HEA_R,2031,34.44388753189084
Globe,C1COBRFH1,C1_F_HEA_R,2032,34.74095832811514
Globe,C1COBRFH1,C1_F_HEA_R,2033,34.06264077107359
Globe,C1COBRFH1,C1_F_HEA_R,2034,32.74851815541595
Globe,C1COBRFH1,C1_F_HEA_R,2035,31.68534041762539
Globe,C1COBRFH1,C1_F_HEA_R,2036,30.47291944997768
Globe,C1COBRFH1,C1_F_HEA_R,2037,29.110757723745635
Globe,C1COBRFH1,C1_F_HEA_R,2038,27.715467460228947
Globe,C1COBRFH1,C1_F_HEA_R,2039,26.28617168748434
Globe,C1COBRFH1,C1_F_HEA_R,2040,24.725332753106695
Globe,C1COBRFH1,C1_F_HEA_R,2041,22.92333907323368
Globe,C1COBRFH1,C1_F_HEA_R,2042,21.098398962661093
Globe,C1COBRFH1,C1_F_HEA_R,2043,19.27409530562725
Globe,C1COBRFH1,C1_F_HEA_R,2044,17.42410577709178
Globe,C1COBRFH1,C1_F_HEA_R,2045,15.537122912996661
Globe,C1COBRFH1,C1_F_HEA_R,2046,13.760314242952306
Globe,C1COBRFH1,C1_F_HEA_R,2047,11.906880002424737
Globe,C1COBRFH1,C1_F_HEA_R,2048,9.561963322047436
Globe,C1COBRFH1,C1_F_HEA_R,2049,7.410122170301404
Globe,C1COBRFH1,C1_F_HEA_R,2050,5.033255342529172
Globe,C1COBRFH1,C1_F_HEA_R,2051,4.967679609999223
Globe,C1COBRFH1,C1_F_HEA_R,2052,4.855448510581534
Globe,C1COBRFH1,C1_F_HEA_R,2053,4.79989999842445
Globe,C1COBRFH1,C1_F_HEA_R,2054,4.6799354609396895
Globe,C1COBRFH1,C1_F_HEA_R,2055,4.457386687967585
Globe,C1COBRFH1,C1_F_HEA_R,2056,4.3582418988460265
Globe,C1COBRFH1,C1_F_HEA_R,2057,4.358241898846012
Globe,C1COBRFH1,C1_F_HEA_R,2058,4.358241898845975
Globe,C1COBRFH1,C1_F_HEA_R,2059,4.3582418988460425
Globe,C1COCHP00,C1_S_ELC,2010,1.9883053799999961
Globe,C1COCHP00,C1_S_ELC,2011,2.026215735912009
Globe,C1COCHP00,C1_S_ELC,2012,2.01403607544
Globe,C1COCHP00,C1_S_ELC,2013,2.0684048647680005
Globe,C1COCHP00,C1_S_ELC,2014,2.0494518549120007
Globe,C1COCHP00,C1_S_ELC,2015,2.120992532352
Globe,C1COCHP00,C1_S_ELC,2016,2.0997264956544
Globe,C1COCHP00,C1_S_ELC,2017,2.0740028832
Globe,C1COCHP00,C1_S_ELC,2018,2.0123500032
Globe,C1COCHP00,C1_S_ELC,2019,1.9531632384
Globe,C1COCHP00,C1_S_ELC,2020,1.8915103584
Globe,C1COCHP00,C1_S_ELC,2021,1.8298574784
Globe,C1COCHP00,C1_S_ELC,2022,1.7682045984
Globe,C1COCHP00,C1_S_ELC,2023,1.7090178336
Globe,C1COCHP00,C1_S_ELC,2024,1.6473649536
Globe,C1COCHP00,C1_S_ELC,2025,1.5857120736
Globe,C1COCHP00,C1_S_ELC,2026,1.5240591936
Globe,C1COCHP00,C1_S_ELC,2027,1.4648724288000001
Globe,C1COCHP00,C1_S_ELC,2028,1.4032195488
Globe,C1COCHP00,C1_S_ELC,2029,1.3415666688
Globe,C1COCHP00,C1_S_ELC,2030,1.2799137888
Globe,C1COCHP00,C1_S_ELC,2031,0.9603295084013329
Globe,C1COCHP00,C1_S_ELC,2032,0.10507259087999998
Globe,C1COCHP00,C1_S_ELC,2033,0.09948362328
Globe,C1COCHP00,C1_S_ELC,2034,0.09389465567999998
Globe,C1COCHP00,C1_S_ELC,2035,0.08852924678400001
Globe,C1COCHP00,C1_S_ELC,2036,0.082940279184
Globe,C1COCHP00,C1_S_ELC,2037,0.07735131158400001
Globe,C1COCHP00,C1_S_ELC,2038,0.071985902688
Globe,C1COCHP00,C1_S_ELC,2039,0.066396935088
Globe,C1COCHP00,C1_S_ELC,2040,0.060807967488000006
Globe,C1COCHP00,C1_S_ELC,2041,0.055218999888000005
Globe,C1COCHP00,C1_S_ELC,2042,0.049853590992000006
Globe,C1COCHP00,C1_S_ELC,2043,0.044264623392000005
Globe,C1COCHP00,C1_S_ELC,2044,0.038675655792000004
Globe,C1COCHP00,C1_S_ELC,2045,0.033086688192
Globe,C1COCHP00,C1_S_ELC,2046,0.027721279296
Globe,C1COCHP00,C1_S_ELC,2047,0.022132311696000002
Globe,C1COCHP00,C1_S_ELC,2048,0.016543344096
Globe,C1COCHP00,C1_S_ELC,2049,0.010954376496000002
Globe,C1COCHP00,C1_S_ELC,2050,0.06165288
Globe,C1COCHP00,C1_S_ELC,2051,0.0055889676000000004
Globe,C1COCHP00,C1_S_ELC,2052,0.026480609978265023
Globe,C1COCHP00,C1_S_ELC,2053,0.0055889676000000004
Globe,C1COCHP00,C1_S_ELC,2054,0.0055889676000000004
Globe,C1COCHP00,C1_S_ELC,2055,0.0055889676000000004
Globe,C1COCHP00,C1_S_ELC,2056,0.0055889676000000004
Globe,C1COCHP00,C1_S_ELC,2057,0.0055889676000000004
Globe,C1COCHP00,C1_S_ELC,2058,0.0055889676000000004
Globe,C1COCHP00,C1_S_ELC,2059,0.0055889676000000004
Globe,C1COCHP00,C1_S_ELC,2060,0.0055889676000000004
Globe,C1COCHP00,C1_S_HEAT,2010,4.81786276627799
Globe,C1COCHP00,C1_S_HEAT,2011,4.860283685732137
Globe,C1COCHP00,C1_S_HEAT,2012,4.781724450309648
Globe,C1COCHP00,C1_S_HEAT,2013,4.86013091074537
Globe,C1COCHP00,C1_S_HEAT,2014,4.765590398226874
Globe,C1COCHP00,C1_S_HEAT,2015,4.880191717688716
Globe,C1COCHP00,C1_S_HEAT,2016,4.779817394707677
Globe,C1COCHP00,C1_S_HEAT,2017,4.670654492966399
Globe,C1COCHP00,C1_S_HEAT,2018,4.482509632128
Globe,C1COCHP00,C1_S_HEAT,2019,4.3030139305190405
Globe,C1COCHP00,C1_S_HEAT,2020,4.12084446681024
Globe,C1COCHP00,C1_S_HEAT,2021,3.9477345239001598
Globe,C1COCHP00,C1_S_HEAT,2022,3.7772386631020805
Globe,C1COCHP00,C1_S_HEAT,2023,3.614572718064
Globe,C1COCHP00,C1_S_HEAT,2024,3.44925273984768
Globe,C1COCHP00,C1_S_HEAT,2025,3.2867054149507204
Globe,C1COCHP00,C1_S_HEAT,2026,3.1266074356703997
Globe,C1COCHP00,C1_S_HEAT,2027,2.97413049219264
Globe,C1COCHP00,C1_S_HEAT,2028,2.8192083954940803
Globe,C1COCHP00,C1_S_HEAT,2029,2.6669003809075202
Globe,C1COCHP00,C1_S_HEAT,2030,2.5172064484329604
Globe,C1COCHP00,C1_S_HEAT,2031,1.8886800441729013
Globe,C1COCHP00,C1_S_HEAT,2032,0.20664626448369597
Globe,C1COCHP00,C1_S_HEAT,2033,0.195654441904776
Globe,C1COCHP00,C1_S_HEAT,2034,0.18466261932585595
Globe,C1COCHP00,C1_S_HEAT,2035,0.1741104696500928
Globe,C1COCHP00,C1_S_HEAT,2036,0.1631186470711728
Globe,C1COCHP00,C1_S_HEAT,2037,0.15212682449225282
Globe,C1COCHP00,C1_S_HEAT,2038,0.14157467481648958
Globe,C1COCHP00,C1_S_HEAT,2039,0.1305828522375696
Globe,C1COCHP00,C1_S_HEAT,2040,0.11959102965864961
Globe,C1COCHP00,C1_S_HEAT,2041,0.1085992070797296
Globe,C1COCHP00,C1_S_HEAT,2042,0.09804705740396641
Globe,C1COCHP00,C1_S_HEAT,2043,0.0870552348250464
Globe,C1COCHP00,C1_S_HEAT,2044,0.07606341224612641
Globe,C1COCHP00,C1_S_HEAT,2045,0.0650715896672064
Globe,C1COCHP00,C1_S_HEAT,2046,0.054519439991443194
Globe,C1COCHP00,C1_S_HEAT,2047,0.0435276174125232
Globe,C1COCHP00,C1_S_HEAT,2048,0.0325357948336032
Globe,C1COCHP00,C1_S_HEAT,2049,0.021543972254683203
Globe,C1COCHP00,C1_S_HEAT,2050,0.121252719096
Globe,C1COCHP00,C1_S_HEAT,2051,0.01099182257892
Globe,C1COCHP00,C1_S_HEAT,2052,0.052079415644253814
Globe,C1COCHP00,C1_S_HEAT,2053,0.01099182257892
Globe,C1COCHP00,C1_S_HEAT,2054,0.01099182257892
Globe,C1COCHP00,C1_S_HEAT,2055,0.01099182257892
Globe,C1COCHP00,C1_S_HEAT,2056,0.01099182257892
Globe,C1COCHP00,C1_S_HEAT,2057,0.01099182257892
Globe,C1COCHP00,C1_S_HEAT,2058,0.01099182257892
Globe,C1COCHP00,C1_S_HEAT,2059,0.01099182257892
Globe,C1COCHP00,C1_S_HEAT,2060,0.01099182257892
Globe,C1COHTF03,C1_S_HEAT,2010,39.556740096
Globe,C1COHTF03,C1_S_HEAT,2011,42.348054528000006
Globe,C1COHTF03,C1_S_HEAT,2012,45.136341503999994
Globe,C1COHTF03,C1_S_HEAT,2013,47.927655936
Globe,C1COHTF03,C1_S_HEAT,2014,50.71897036800001
Globe,C1COHTF03,C1_S_HEAT,2015,53.51028480000001
Globe,C1COHTF03,C1_S_HEAT,2016,56.29857177600001
Globe,C1COHTF03,C1_S_HEAT,2017,59.089886208
Globe,C1COHTF03,C1_S_HEAT,2018,61.88120064000002
Globe,C1COHTF03,C1_S_HEAT,2019,64.66948761600001
Globe,C1COHTF03,C1_S_HEAT,2020,67.460802048
Globe,C1COHTF03,C1_S_HEAT,2021,70.25211648000001
Globe,C1COHTF03,C1_S_HEAT,2022,73.040403456
Globe,C1COHTF03,C1_S_HEAT,2023,75.83171788800003
Globe,C1COHTF03,C1_S_HEAT,2024,78.62303232000001
Globe,C1COHTF03,C1_S_HEAT,2025,81.41434675200001
Globe,C1COHTF03,C1_S_HEAT,2026,77.200128
Globe,C1COHTF03,C1_S_HEAT,2027,81.74131200000002
Globe,C1COHTF03,C1_S_HEAT,2028,86.28249600000002
Globe,C1COHTF03,C1_S_HEAT,2029,90.82368000000002
Globe,C1COHTF03,C1_S_HEAT,2030,90.82368000000001
Globe,C1COHTF03,C1_S_HEAT,2031,90.82368000000001
Globe,C1COHTF03,C1_S_HEAT,2032,90.82368000000001
Globe,C1COHTF03,C1_S_HEAT,2033,90.82367999999998
Globe,C1COHTF03,C1_S_HEAT,2034,90.82368000000001
Globe,C1COHTF03,C1_S_HEAT,2035,90.82367999999998
Globe,C1COHTF03,C1_S_HEAT,2036,90.82368000000001
Globe,C1COHTF03,C1_S_HEAT,2037,90.82368000000001
Globe,C1COHTF03,C1_S_HEAT,2038,90.82368000000001
Globe,C1COHTF03,C1_S_HEAT,2039,90.82368000000002
Globe,C1COHTF03,C1_S_HEAT,2040,90.82368000000001
Globe,C1COHTF03,C1_S_HEAT,2041,90.82368000000001
Globe,C1COHTF03,C1_S_HEAT,2042,90.82368000000001
Globe,C1COHTF03,C1_S_HEAT,2043,90.82368000000004
Globe,C1COHTF03,C1_S_HEAT,2044,90.82368000000001
Globe,C1COHTF03,C1_S_HEAT,2045,90.82368000000001
Globe,C1COHTF03,C1_S_HEAT,2046,90.82368000000001
Globe,C1COHTF03,C1_S_HEAT,2047,90.82368000000001
Globe,C1COHTF03,C1_S_HEAT,2048,90.82368000000001
Globe,C1COHTF03,C1_S_HEAT,2049,90.82368000000001
Globe,C1COHTF03,C1_S_HEAT,2050,90.82368000000001
Globe,C1COHTF03,C1_S_HEAT,2051,90.82368000000001
Globe,C1COHTF03,C1_S_HEAT,2052,90.82368000000001
Globe,C1COHTF03,C1_S_HEAT,2053,90.82368000000001
Globe,C1COHTF03,C1_S_HEAT,2054,90.82368000000001
Globe,C1COHTF03,C1_S_HEAT,2055,90.82368000000001
Globe,C1COHTF03,C1_S_HEAT,2056,90.82368000000001
Globe,C1COHTF03,C1_S_HEAT,2057,90.82368000000001
Globe,C1COHTF03,C1_S_HEAT,2058,90.82368000000001
Globe,C1COHTF03,C1_S_HEAT,2059,90.82368000000001
Globe,C1COHTF03,C1_S_HEAT,2060,85.42821690263477
Globe,C1COIGP00,C1_S_ELC,2010,0.0201042
Globe,C1COIGP00,C1_S_ELC,2011,0.0201042
Globe,C1COIGP00,C1_S_ELC,2012,0.0201042
Globe,C1COIGP00,C1_S_ELC,2013,0.024661152
Globe,C1COIGP00,C1_S_ELC,2014,0.024661152
Globe,C1COIGP00,C1_S_ELC,2015,0.024661152
Globe,C1COIGP00,C1_S_ELC,2016,0.00223558704
Globe,C1COIGP00,C1_S_ELC,2017,0.00223558704
Globe,C1COIGP00,C1_S_ELC,2018,0.00223558704
Globe,C1COIGP00,C1_S_ELC,2019,0.00223558704
Globe,C1COIGP00,C1_S_ELC,2020,0.00223558704
Globe,C1COIGP00,C1_S_ELC,2021,0.00223558704
Globe,C1COIGP00,C1_S_ELC,2022,0.00223558704
Globe,C1COIGP00,C1_S_ELC,2023,0.00223558704
Globe,C1COIGP00,C1_S_ELC,2024,0.00223558704
Globe,C1COIGP00,C1_S_ELC,2025,0.00223558704
Globe,C1COIGP00,C1_S_ELC,2026,0.024661152
Globe,C1COIGP00,C1_S_ELC,2027,0.024661152
Globe,C1COIGP00,C1_S_ELC,2028,0.024661152
Globe,C1COIGP00,C1_S_ELC,2029,0.024661152
Globe,C1COIGP00,C1_S_ELC,2030,0.024661152
Globe,C1COIGP00,C1_S_ELC,2031,0.024661152
Globe,C1COIGP00,C1_S_ELC,2032,0.024661152
Globe,C1COIGP00,C1_S_ELC,2033,0.024661152
Globe,C1COIGP00,C1_S_ELC,2034,0.024661152
Globe,C1COIGP00,C1_S_ELC,2035,0.024661152
Globe,C1COIGP00,C1_S_ELC,2036,0.024661152
Globe,C1COIGP00,C1_S_ELC,2037,0.024661152
Globe,C1COIGP00,C1_S_ELC,2038,0.024661152
Globe,C1COIGP00,C1_S_ELC,2039,0.024661152
Globe,C1COIGP00,C1_S_ELC,2040,0.024661152
Globe,C1COIGP00,C1_S_ELC,2041,0.024661152
Globe,C1COIGP00,C1_S_ELC,2042,0.024661152
Globe,C1COIGP00,C1_S_ELC,2043,0.024661152
Globe,C1COIGP00,C1_S_ELC,2044,0.024661152
Globe,C1COIGP00,C1_S_ELC,2045,0.024661152
Globe,C1COIGP00,C1_S_ELC,2046,0.024661152
Globe,C1COIGP00,C1_S_ELC,2047,0.024661152
Globe,C1COIGP00,C1_S_ELC,2048,0.024661152
Globe,C1COIGP00,C1_S_ELC,2049,0.024661152
Globe,C1COLP000,C1_P_LFO,2028,0.0742776922946149
Globe,C1COLP000,C1_P_LFO,2029,5.210471735610226
Globe,C1COLP000,C1_P_LFO,2030,9.90504312153606
Globe,C1COLP000,C1_P_LFO,2031,11.590599999999998
Globe,C1COLP000,C1_P_LFO,2032,13.246399999999998
Globe,C1COLP000,C1_P_LFO,2033,14.902199999999995
Globe,C1COLP000,C1_P_LFO,2034,16.557999999999996
Globe,C1COLP000,C1_P_LFO,2035,18.213799999999996
Globe,C1COLP000,C1_P_LFO,2036,19.86959999999999
Globe,C1COLP000,C1_P_LFO,2037,21.52539999999999
Globe,C1COLP000,C1_P_LFO,2038,23.181199999999993
Globe,C1COLP000,C1_P_LFO,2039,24.836999999999996
Globe,C1COLP000,C1_P_LFO,2040,26.49279999999999
Globe,C1COLP000,C1_P_LFO,2041,28.148599999999988
Globe,C1COLP000,C1_P_LFO,2042,29.804399999999987
Globe,C1COLP000,C1_P_LFO,2043,31.46019999999999
Globe,C1COLP000,C1_P_LFO,2044,33.11599999999999
Globe,C1COLP000,C1_P_LFO,2045,33.11599999999999
Globe,C1COLP000,C1_P_LFO,2046,33.11599999999999
Globe,C1COLP000,C1_P_LFO,2047,33.11599999999999
Globe,C1COLP000,C1_P_LFO,2048,33.11599999999999
Globe,C1COLP000,C1_P_LFO,2049,33.11599999999999
Globe,C1COLP000,C1_P_LFO,2050,33.11599999999999
Globe,C1COLP000,C1_P_LFO,2051,33.11599999999999
Globe,C1COLP000,C1_P_LFO,2052,33.11599999999999
Globe,C1COLP000,C1_P_LFO,2053,33.11599999999999
Globe,C1COLP000,C1_P_LFO,2054,33.11599999999999
Globe,C1COLP000,C1_P_LFO,2055,33.11599999999999
Globe,C1COLP000,C1_P_LFO,2056,33.11599999999999
Globe,C1COLP000,C1_P_LFO,2057,33.11599999999999
Globe,C1COLP000,C1_P_LFO,2058,33.11599999999999
Globe,C1COLP000,C1_P_LFO,2059,33.11599999999999
Globe,C1COLP000,C1_P_LFO,2060,32.68098856141756
Globe,C1COSCP00,C1_S_ELC,2010,28.02099744
Globe,C1COSCP00,C1_S_ELC,2011,27.839888462592004
Globe,C1COSCP00,C1_S_ELC,2012,27.633974529024
Globe,C1COSCP00,C1_S_ELC,2013,29.111823280728004
Globe,C1COSCP00,C1_S_ELC,2014,28.832697640152002
Globe,C1COSCP00,C1_S_ELC,2015,28.528877876687996
Globe,C1COSCP00,C1_S_ELC,2016,30.348739534862545
Globe,C1COSCP00,C1_S_ELC,2017,27.996362142989568
Globe,C1COSCP00,C1_S_ELC,2018,24.14323249801101
Globe,C1COSCP00,C1_S_ELC,2019,20.428909835942036
Globe,C1COSCP00,C1_S_ELC,2020,17.70451916081978
Globe,C1COSCP00,C1_S_ELC,2021,19.329443909591465
Globe,C1COSCP00,C1_S_ELC,2022,19.618715330962775
Globe,C1COSCP00,C1_S_ELC,2023,18.729363250677704
Globe,C1COSCP00,C1_S_ELC,2024,18.631318924538313
Globe,C1COSCP00,C1_S_ELC,2025,20.263202434825207
Globe,C1COSCP00,C1_S_ELC,2026,27.268811943629697
Globe,C1COSCP00,C1_S_ELC,2027,28.82246451962971
Globe,C1COSCP00,C1_S_ELC,2028,30.373650980429744
Globe,C1COSCP00,C1_S_ELC,2029,31.927303556429706
Globe,C1COSCP00,C1_S_ELC,2030,33.47849001722971
Globe,C1COSCP00,C1_S_ELC,2031,35.0321425932297
Globe,C1COSCP00,C1_S_ELC,2032,36.585795169229705
Globe,C1COSCP00,C1_S_ELC,2033,38.13698163002971
Globe,C1COSCP00,C1_S_ELC,2034,39.6906342060297
Globe,C1COSCP00,C1_S_ELC,2035,41.241820666829696
Globe,C1COSCP00,C1_S_ELC,2036,42.7954732428297
Globe,C1COSCP00,C1_S_ELC,2037,44.3466597036297
Globe,C1COSCP00,C1_S_ELC,2038,45.900312279629674
Globe,C1COSCP00,C1_S_ELC,2039,47.45149874042968
Globe,C1COSCP00,C1_S_ELC,2040,49.00515131642967
Globe,C1COSCP00,C1_S_ELC,2041,50.55633777722971
Globe,C1COSCP00,C1_S_ELC,2042,50.7008605528112
Globe,C1COSCP00,C1_S_ELC,2043,50.791076349794515
Globe,C1COSCP00,C1_S_ELC,2044,50.291492372377355
Globe,C1COSCP00,C1_S_ELC,2045,50.904488459759214
Globe,C1COSCP00,C1_S_ELC,2046,51.33915658493866
Globe,C1COSCP00,C1_S_ELC,2047,51.58860253694088
Globe,C1COSCP00,C1_S_ELC,2048,52.07795526826405
Globe,C1COSCP00,C1_S_ELC,2049,52.16743375562984
Globe,C1COSCP00,C1_S_ELC,2050,52.43884794731481
Globe,C1COSCP00,C1_S_ELC,2051,52.476326671692
Globe,C1COSCP00,C1_S_ELC,2052,52.620958988604414
Globe,C1COSCP00,C1_S_ELC,2053,52.77372586302653
Globe,C1COSCP00,C1_S_ELC,2054,52.77372586302652
Globe,C1COSCP00,C1_S_ELC,2055,52.77372586302647
Globe,C1COSCP00,C1_S_ELC,2056,52.7737258630265
Globe,C1COSCP00,C1_S_ELC,2057,52.77372586302652
Globe,C1COSCP00,C1_S_ELC,2058,52.76801283172683
Globe,C1COSCP00,C1_S_ELC,2059,52.76801283172673
Globe,C1COSCP00,C1_S_ELC,2060,51.2192031593119
Globe,C1COSF000,C1_P_GAS,2033,1.505909495130057
Globe,C1COSF000,C1_P_GAS,2034,3.651608498276501
Globe,C1COSF000,C1_P_GAS,2035,4.22970017892437
Globe,C1COSF000,C1_P_GAS,2036,4.724952460355055
Globe,C1COSF000,C1_P_GAS,2037,5.874788559911697
Globe,C1COSF000,C1_P_GAS,2038,6.996854056733217
Globe,C1COSF000,C1_P_GAS,2039,7.360219607631487
Globe,C1COSF000,C1_P_GAS,2040,7.671638349474806
Globe,C1COSF000,C1_P_GAS,2041,7.683511237724213
Globe,C1COSF000,C1_P_GAS,2042,9.858503636273182
Globe,C1COSF000,C1_P_GAS,2043,12.038896034822152
Globe,C1COSF000,C1_P_GAS,2044,14.22468843337112
Globe,C1COSF000,C1_P_GAS,2045,16.415880831920095
Globe,C1COSF000,C1_P_GAS,2046,18.61247323046906
Globe,C1COSF000,C1_P_GAS,2047,20.814465629018027
Globe,C1COSF000,C1_P_GAS,2048,23.021858027566992
Globe,C1COSF000,C1_P_GAS,2049,25.234650426115962
Globe,C1COSF000,C1_P_GAS,2050,27.45284282466493
Globe,C1COSF000,C1_P_GAS,2051,29.63984282466492
Globe,C1COSF000,C1_P_GAS,2052,31.01487349357913
Globe,C1COSF000,C1_P_GAS,2053,30.990953965862076
Globe,C1COSF000,C1_P_GAS,2054,30.990953965862076
Globe,C1COSF000,C1_P_GAS,2055,31.037253192692834
Globe,C1COSF000,C1_P_GAS,2056,31.091696530776375
Globe,C1COSF000,C1_P_GAS,2057,31.091696530776407
Globe,C1COSF000,C1_P_GAS,2058,31.100780250542922
Globe,C1COSF000,C1_P_GAS,2059,31.10078025054294
Globe,C1COSF000,C1_P_GAS,2060,1.9949775295181804
Globe,C1ELEFF00,C1_F_CLS,2010,60.89103193850951
Globe,C1ELEFF00,C1_F_CLS,2011,63.24404187751713
Globe,C1ELEFF00,C1_F_CLS,2012,65.52810419308145
Globe,C1ELEFF00,C1_F_CLS,2013,67.74387804679374
Globe,C1ELEFF00,C1_F_CLS,2014,69.89041060851045
Globe,C1ELEFF00,C1_F_CLS,2015,71.96974374537912
Globe,C1ELEFF00,C1_F_CLS,2016,74.42005221198771
Globe,C1ELEFF00,C1_F_CLS,2017,77.84821513132242
Globe,C1ELEFF00,C1_F_CLS,2018,80.2023677551581
Globe,C1ELEFF00,C1_F_CLS,2019,82.54430499264703
Globe,C1ELEFF00,C1_F_CLS,2020,84.88808721439413
Globe,C1ELEFF00,C1_F_CLS,2021,87.63603710833165
Globe,C1ELEFF00,C1_F_CLS,2022,90.35684238571427
Globe,C1ELEFF00,C1_F_CLS,2023,93.05106137612266
Globe,C1ELEFF00,C1_F_CLS,2024,95.71994766687321
Globe,C1ELEFF00,C1_F_CLS,2025,98.36083731760026
Globe,C1ELEFF00,C1_F_CLS,2026,101.07127266977375
Globe,C1ELEFF00,C1_F_CLS,2027,103.76821358789621
Globe,C1ELEFF00,C1_F_CLS,2028,106.43249641288288
Globe,C1ELEFF00,C1_F_CLS,2029,109.06925772873149
Globe,C1ELEFF00,C1_F_CLS,2030,111.68562066327925
Globe,C1ELEFF00,C1_F_CLS,2031,114.5800676783464
Globe,C1ELEFF00,C1_F_CLS,2032,117.47207092844678
Globe,C1ELEFF00,C1_F_CLS,2033,120.35795840744908
Globe,C1ELEFF00,C1_F_CLS,2034,123.2387240607524
Globe,C1ELEFF00,C1_F_CLS,2035,126.1037731006623
Globe,C1ELEFF00,C1_F_CLS,2036,128.61531514195954
Globe,C1ELEFF00,C1_F_CLS,2037,131.1208035754238
Globe,C1ELEFF00,C1_F_CLS,2038,133.62376678932173
Globe,C1ELEFF00,C1_F_CLS,2039,136.12042124967834
Globe,C1ELEFF00,C1_F_CLS,2040,138.61420200977696
Globe,C1ELEFF00,C1_F_CLS,2041,140.94305988626664
Globe,C1ELEFF00,C1_F_CLS,2042,143.2386036600912
Globe,C1ELEFF00,C1_F_CLS,2043,145.5627725943285
Globe,C1ELEFF00,C1_F_CLS,2044,147.88373149973137
Globe,C1ELEFF00,C1_F_CLS,2045,150.20187622756032
Globe,C1ELEFF00,C1_F_CLS,2046,152.49903827648478
Globe,C1ELEFF00,C1_F_CLS,2047,154.79931805729794
Globe,C1ELEFF00,C1_F_CLS,2048,157.07053709500138
Globe,C1ELEFF00,C1_F_CLS,2049,159.33312454092155
Globe,C1ELEFF00,C1_F_CLS,2050,161.59943268796562
Globe,C1ELEFF00,C1_F_CLS,2051,161.5964643438656
Globe,C1ELEFF00,C1_F_CLS,2052,161.59258910339517
Globe,C1ELEFF00,C1_F_CLS,2053,161.5885201008686
Globe,C1ELEFF00,C1_F_CLS,2054,161.58424764824832
Globe,C1ELEFF00,C1_F_CLS,2055,161.57976157299004
Globe,C1ELEFF00,C1_F_CLS,2056,161.57826393461545
Globe,C1ELEFF00,C1_F_CLS,2057,161.57826393461548
Globe,C1ELEFF00,C1_F_CLS,2058,161.57826393461545
Globe,C1ELEFF00,C1_F_CLS,2059,161.57826393461542
Globe,C1ELEFF00,C1_F_CLS,2060,161.57826393461548
Globe,C1ELRDF00,C1_F_RD,2031,0.4869577767748484
Globe,C1ELRDF00,C1_F_RD,2032,1.3
Globe,C1ELRDF00,C1_F_RD,2033,1.46
Globe,C1ELRDF00,C1_F_RD,2034,1.64
Globe,C1ELRDF00,C1_F_RD,2035,1.8399999999999999
Globe,C1ELRDF00,C1_F_RD,2036,1.8399999999999994
Globe,C1ELRDF00,C1_F_RD,2037,1.8399999999999999
Globe,C1ELRDF00,C1_F_RD,2038,1.8399999999999999
Globe,C1ELRDF00,C1_F_RD,2039,1.8399999999999994
Globe,C1ELRDF00,C1_F_RD,2040,1.8399999999999999
Globe,C1ELRDF00,C1_F_RD,2041,1.8399999999999999
Globe,C1ELRDF00,C1_F_RD,2042,1.8399999999999999
Globe,C1ELRDF00,C1_F_RD,2043,1.8399999999999999
Globe,C1ELRDF00,C1_F_RD,2044,1.8400000000000003
Globe,C1ELRDF00,C1_F_RD,2045,1.84
Globe,C1ELRDF00,C1_F_RD,2046,1.8400000000000003
Globe,C1ELRDF00,C1_F_RD,2047,1.8399999999999999
Globe,C1ELRDF00,C1_F_RD,2048,1.8399999999999999
Globe,C1ELRDF00,C1_F_RD,2049,1.8399999999999994
Globe,C1ELRDF00,C1_F_RD,2050,1.8399999999999999
Globe,C1ELRDF00,C1_F_RD,2051,1.8399999999999999
Globe,C1ELRDF00,C1_F_RD,2052,1.8399999999999999
Globe,C1ELRDF00,C1_F_RD,2053,1.8399999999999999
Globe,C1ELRDF00,C1_F_RD,2054,1.8399999999999999
Globe,C1ELRDF00,C1_F_RD,2055,1.8399999999999999
Globe,C1ELRDF00,C1_F_RD,2056,1.8399999999999999
Globe,C1ELRDF00,C1_F_RD,2057,1.8399999999999999
Globe,C1ELRDF00,C1_F_RD,2058,1.8399999999999999
Globe,C1ELRDF00,C1_F_RD,2059,1.8399999999999999
Globe,C1ELRDF00,C1_F_RD,2060,1.8399999999999999
Globe,C1ELRLF00,C1_F_RL,2010,2.9699999999999998
Globe,C1ELRLF00,C1_F_RL,2011,3.0300000000000002
Globe,C1ELRLF00,C1_F_RL,2012,3.0999999999999996
Globe,C1ELRLF00,C1_F_RL,2013,3.16
Globe,C1ELRLF00,C1_F_RL,2014,3.2200000000000006
Globe,C1ELRLF00,C1_F_RL,2015,3.29
Globe,C1ELRLF00,C1_F_RL,2016,3.920000000000001
Globe,C1ELRLF00,C1_F_RL,2017,4.01
Globe,C1ELRLF00,C1_F_RL,2018,4.09
Globe,C1ELRLF00,C1_F_RL,2019,4.77
Globe,C1ELRLF00,C1_F_RL,2020,4.87
Globe,C1ELRLF00,C1_F_RL,2021,4.98
Globe,C1ELRLF00,C1_F_RL,2022,5.09
Globe,C1ELRLF00,C1_F_RL,2023,5.19
Globe,C1ELRLF00,C1_F_RL,2024,6.629999999999998
Globe,C1ELRLF00,C1_F_RL,2025,6.76
Globe,C1ELRLF00,C1_F_RL,2026,6.91
Globe,C1ELRLF00,C1_F_RL,2027,7.070000000000001
Globe,C1ELRLF00,C1_F_RL,2028,7.230000000000001
Globe,C1ELRLF00,C1_F_RL,2029,7.39
Globe,C1ELRLF00,C1_F_RL,2030,7.525
Globe,C1ELRLF00,C1_F_RL,2031,7.695
Globe,C1ELRLF00,C1_F_RL,2032,7.865000000000001
Globe,C1ELRLF00,C1_F_RL,2033,8.035000000000002
Globe,C1ELRLF00,C1_F_RL,2034,8.205
Globe,C1ELRLF00,C1_F_RL,2035,8.375
Globe,C1ELRLF00,C1_F_RL,2036,8.66
Globe,C1ELRLF00,C1_F_RL,2037,8.945
Globe,C1ELRLF00,C1_F_RL,2038,9.229999999999999
Globe,C1ELRLF00,C1_F_RL,2039,9.515
Globe,C1ELRLF00,C1_F_RL,2040,9.800000000000002
Globe,C1ELRLF00,C1_F_RL,2041,10.085000000000003
Globe,C1ELRLF00,C1_F_RL,2042,10.369999999999997
Globe,C1ELRLF00,C1_F_RL,2043,10.655
Globe,C1ELRLF00,C1_F_RL,2044,10.94
Globe,C1ELRLF00,C1_F_RL,2045,11.225
Globe,C1ELRLF00,C1_F_RL,2046,11.510000000000002
Globe,C1ELRLF00,C1_F_RL,2047,11.795000000000002
Globe,C1ELRLF00,C1_F_RL,2048,12.079999999999998
Globe,C1ELRLF00,C1_F_RL,2049,12.365
Globe,C1ELRLF00,C1_F_RL,2050,12.644999999999998
Globe,C1ELRLF00,C1_F_RL,2051,12.644999999999998
Globe,C1ELRLF00,C1_F_RL,2052,12.644999999999998
Globe,C1ELRLF00,C1_F_RL,2053,12.644999999999998
Globe,C1ELRLF00,C1_F_RL,2054,12.644999999999998
Globe,C1ELRLF00,C1_F_RL,2055,12.644999999999998
Globe,C1ELRLF00,C1_F_RL,2056,12.644999999999998
Globe,C1ELRLF00,C1_F_RL,2057,12.644999999999998
Globe,C1ELRLF00,C1_F_RL,2058,12.644999999999998
Globe,C1ELRLF00,C1_F_RL,2059,12.644999999999998
Globe,C1ELRLF00,C1_F_RL,2060,12.644999999999998
Globe,C1GOCVP00,C1_S_ELC,2010,0.256576896
Globe,C1GOCVP00,C1_S_ELC,2011,0.24976511999999998
Globe,C1GOCVP00,C1_S_ELC,2012,0.24295334400000002
Globe,C1GOCVP00,C1_S_ELC,2013,0.2413891584
Globe,C1GOCVP00,C1_S_ELC,2014,0.2344260096
Globe,C1GOCVP00,C1_S_ELC,2015,0.22978391040000004
Globe,C1GOCVP00,C1_S_ELC,2016,0.2228207616
Globe,C1GOCVP00,C1_S_ELC,2017,0.2158576128
Globe,C1GOCVP00,C1_S_ELC,2018,0.208894464
Globe,C1GOCVP00,C1_S_ELC,2019,0.2019313152
Globe,C1GOCVP00,C1_S_ELC,2020,0.197289216
Globe,C1GOCVP00,C1_S_ELC,2021,0.1903260672
Globe,C1GOCVP00,C1_S_ELC,2022,0.1833629184
Globe,C1GOCVP00,C1_S_ELC,2023,0.1763997696
Globe,C1GOCVP00,C1_S_ELC,2024,0.1694366208
Globe,C1GOCVP00,C1_S_ELC,2025,0.162473472
Globe,C1GOCVP00,C1_S_ELC,2026,0.1578313728
Globe,C1GOCVP00,C1_S_ELC,2027,0.150868224
Globe,C1GOCVP00,C1_S_ELC,2028,1.0398302208
Globe,C1GOCVP00,C1_S_ELC,2029,1.0328670719999997
Globe,C1GOCVP00,C1_S_ELC,2030,1.1698089984
Globe,C1GOCVP00,C1_S_ELC,2031,1.2440825856000002
Globe,C1GOCVP00,C1_S_ELC,2032,1.3183561728000002
Globe,C1GOCVP00,C1_S_ELC,2033,1.3949508096000003
Globe,C1GOCVP00,C1_S_ELC,2034,1.4692243968
Globe,C1GOCVP00,C1_S_ELC,2035,1.543497984
Globe,C1GOCVP00,C1_S_ELC,2036,1.6340189184000002
Globe,C1GOCVP00,C1_S_ELC,2037,1.7245398528000004
Globe,C1GOCVP00,C1_S_ELC,2038,1.8150607872000002
Globe,C1GOCVP00,C1_S_ELC,2039,1.9055817216000004
Globe,C1GOCVP00,C1_S_ELC,2040,1.996102656
Globe,C1GOCVP00,C1_S_ELC,2041,2.1330445823999993
Globe,C1GOCVP00,C1_S_ELC,2042,2.2699865087999997
Globe,C1GOCVP00,C1_S_ELC,2043,2.4069284352
Globe,C1GOCVP00,C1_S_ELC,2044,2.5438703616000002
Globe,C1GOCVP00,C1_S_ELC,2045,2.6808122880000003
Globe,C1GOCVP00,C1_S_ELC,2046,2.7899016192
Globe,C1GOCVP00,C1_S_ELC,2047,2.8989909504000004
Globe,C1GOCVP00,C1_S_ELC,2048,3.0104013312
Globe,C1GOCVP00,C1_S_ELC,2049,3.1194906624000005
Globe,C1GOCVP00,C1_S_ELC,2050,3.2285799936000004
Globe,C1GOCVP00,C1_S_ELC,2051,3.2285799936000004
Globe,C1GOCVP00,C1_S_ELC,2052,3.2285799936000004
Globe,C1GOCVP00,C1_S_ELC,2053,3.2285799936000004
Globe,C1GOCVP00,C1_S_ELC,2054,3.2285799936000004
Globe,C1GOCVP00,C1_S_ELC,2055,3.2285799936000004
Globe,C1GOCVP00,C1_S_ELC,2056,3.2285799936000004
Globe,C1GOCVP00,C1_S_ELC,2057,3.2285799936000004
Globe,C1GOCVP00,C1_S_ELC,2058,3.2285799936000004
Globe,C1GOCVP00,C1_S_ELC,2059,3.2285799936000004
Globe,C1GOCVP00,C1_S_ELC,2060,3.2285799936000004
Globe,C1GOHTF03,C1_S_HEAT,2010,0.392812416
Globe,C1GOHTF03,C1_S_HEAT,2011,0.376918272
Globe,C1GOHTF03,C1_S_HEAT,2012,0.358753536
Globe,C1GOHTF03,C1_S_HEAT,2013,0.342859392
Globe,C1GOHTF03,C1_S_HEAT,2014,0.32696524800000004
Globe,C1GOHTF03,C1_S_HEAT,2015,0.31107110399999993
Globe,C1GOHTF03,C1_S_HEAT,2016,0.29517696000000004
Globe,C1GOHTF03,C1_S_HEAT,2017,0.277012224
Globe,C1GOHTF03,C1_S_HEAT,2018,0.26111808
Globe,C1GOHTF03,C1_S_HEAT,2019,0.24522393599999998
Globe,C1GOHTF03,C1_S_HEAT,2020,0.229329792
Globe,C1GOHTF03,C1_S_HEAT,2021,0.213435648
Globe,C1GOHTF03,C1_S_HEAT,2022,0.19527091199999996
Globe,C1GOHTF03,C1_S_HEAT,2023,0.179376768
Globe,C1GOHTF03,C1_S_HEAT,2024,0.16348262400000002
Globe,C1GOHTF03,C1_S_HEAT,2025,0.14758848
Globe,C1GOHTF03,C1_S_HEAT,2026,0.131694336
Globe,C1GOHTF03,C1_S_HEAT,2027,0.11352959999999998
Globe,C1GOHTF03,C1_S_HEAT,2028,0.09763545599999998
Globe,C1GOHTF03,C1_S_HEAT,2029,0.08174131200000001
Globe,C1GOHTF03,C1_S_HEAT,2030,0.065847168
Globe,C1GOHTF03,C1_S_HEAT,2031,0.04995302399999999
Globe,C1GOHTF03,C1_S_HEAT,2032,0.031788288
Globe,C1GOHTF03,C1_S_HEAT,2033,0.015894144
Globe,C1GOHTF03,C1_S_HEAT,2048,0.4197859090437277
Globe,C1GOHTF03,C1_S_HEAT,2049,0.7036043957679095
Globe,C1GOHTF03,C1_S_HEAT,2050,0.7036043957679041
Globe,C1GOHTF03,C1_S_HEAT,2051,0.7036043957679112
Globe,C1GOHTF03,C1_S_HEAT,2052,0.7036043957679063
Globe,C1GOHTF03,C1_S_HEAT,2053,0.7036043957678828
Globe,C1GOHTF03,C1_S_HEAT,2054,0.7036043957679112
Globe,C1GOHTF03,C1_S_HEAT,2055,0.7036043957679113
Globe,C1GOHTF03,C1_S_HEAT,2056,0.7036043957679111
Globe,C1GOHTF03,C1_S_HEAT,2057,0.7036043957679112
Globe,C1GOHTF03,C1_S_HEAT,2058,0.7036043957679111
Globe,C1GOHTF03,C1_S_HEAT,2059,0.7036043957679111
Globe,C1GOHTF03,C1_S_HEAT,2060,10.805968743886838